{"initial_reset_timestamp": 1681152800.9771702, "timestamps": [1681153001.6526508], "episode_lengths": [4], "episode_rewards": [2.0], "episode_types": ["t"]}