{"initial_reset_timestamp": 1658437741.804042, "timestamps": [1658437743.0698597, 1658437744.5376914, 1658437745.25175, 1658437746.007218, 1658437746.7371662, 1658437747.5026903, 1658437748.2980454, 1658437749.1293094, 1658437750.7598174, 1658437751.6243255, 1658437752.4677997, 1658437753.2559638, 1658437754.0459402, 1658437754.8415616, 1658437755.6495738, 1658437756.464569, 1658437757.2689848, 1658437758.0782166, 1658437758.888334, 1658437759.6945736, 1658437760.5075622, 1658437761.3877048, 1658437762.193856, 1658437763.1449718, 1658437763.963419, 1658437764.7667768, 1658437765.7149463, 1658437767.8454845, 1658437768.8661456, 1658437769.817728, 1658437770.6888855, 1658437771.6009483, 1658437772.4800503, 1658437773.462058, 1658437774.8457708, 1658437776.6871748, 1658437777.8908303, 1658437779.048084, 1658437779.9000936, 1658437780.73341, 1658437781.523947, 1658437782.88341, 1658437783.8564625, 1658437784.8126416, 1658437785.8098996, 1658437786.7641337, 1658437787.6151981, 1658437788.4537957, 1658437789.254162, 1658437790.1554577, 1658437790.9775207, 1658437791.798757, 1658437792.6242337, 1658437793.4521537, 1658437794.3234298, 1658437795.1649873, 1658437796.2054627, 1658437797.0205123, 1658437798.0040326, 1658437798.9182935, 1658437799.7668912, 1658437800.717962, 1658437801.5419285, 1658437802.3464222, 1658437804.098908, 1658437805.0539818, 1658437805.8893807, 1658437806.7158625, 1658437807.5388405, 1658437808.4148397, 1658437809.3092477, 1658437810.2318788, 1658437811.065463, 1658437811.9441912, 1658437812.787167, 1658437813.6107821, 1658437814.440215, 1658437815.2380981, 1658437816.0506053, 1658437816.8636363, 1658437817.666254, 1658437818.474224, 1658437819.2855089, 1658437820.0725043, 1658437820.8871093, 1658437821.6896586, 1658437822.4906154, 1658437823.2962053, 1658437824.0913618, 1658437824.8949988, 1658437825.7110388, 1658437826.524221, 1658437827.3139467, 1658437828.1108398, 1658437828.922432, 1658437829.7237077, 1658437830.5309143, 1658437831.3394125, 1658437832.1337616, 1658437832.9359603, 1658437833.7413237, 1658437834.5436711, 1658437835.3542032, 1658437836.1576884, 1658437836.973794, 1658437837.8074527, 1658437838.9628887, 1658437839.7767496, 1658437840.574716, 1658437841.382676, 1658437842.1742744, 1658437843.0781462, 1658437844.0139465, 1658437844.8033843, 1658437845.6264305, 1658437846.4359794, 1658437847.348075, 1658437848.157503, 1658437848.9922554, 1658437850.0412724, 1658437850.898345, 1658437851.7023509, 1658437852.4989104, 1658437853.30978, 1658437854.1137793, 1658437855.7700195, 1658437856.5705853, 1658437857.3596408, 1658437858.141305, 1658437859.0131013, 1658437860.1693025, 1658437861.3366735, 1658437862.4465008, 1658437863.551117, 1658437864.6502476, 1658437865.4263742, 1658437866.4936354, 1658437867.3346627, 1658437868.1054742, 1658437868.8905625, 1658437869.696544, 1658437870.7961466, 1658437871.7734847, 1658437872.5722203, 1658437873.4999285, 1658437874.6467218, 1658437876.1982155, 1658437877.430013, 1658437878.3825607, 1658437879.3248441, 1658437880.2100334, 1658437881.6589503, 1658437882.4929798, 1658437883.6197927, 1658437884.8900805, 1658437885.7222364, 1658437886.5800433, 1658437887.3929267, 1658437888.2094085, 1658437889.0375636, 1658437889.860091, 1658437890.6735923, 1658437891.4673183, 1658437892.27649, 1658437893.3763618, 1658437894.5158749, 1658437895.6382182, 1658437896.6381142, 1658437897.6673055, 1658437898.6823754, 1658437899.7076838, 1658437900.7636907, 1658437901.694275, 1658437902.5379999, 1658437903.4183307, 1658437904.2990677, 1658437905.2050319, 1658437906.0281816, 1658437906.8730285, 1658437907.693218, 1658437908.7306437, 1658437909.9127595, 1658437910.7445602, 1658437911.557464, 1658437912.4899, 1658437913.4348912, 1658437914.312623, 1658437915.1430264, 1658437915.9878702, 1658437916.8531008, 1658437917.6571155, 1658437918.4702325, 1658437919.3664281, 1658437920.1932523, 1658437921.009339, 1658437921.8276618, 1658437922.635224, 1658437923.432645, 1658437924.258472, 1658437925.1211221, 1658437926.3342729, 1658437927.7929058, 1658437929.3051033, 1658437930.5096455, 1658437932.6490667, 1658437933.8764322, 1658437935.0223753, 1658437936.1567922, 1658437937.0179212, 1658437937.8445883, 1658437939.0454779, 1658437940.217837, 1658437941.1073263, 1658437942.1473622, 1658437942.983004, 1658437943.8629215, 1658437945.5777438, 1658437946.6085176, 1658437947.5060813, 1658437948.6742783, 1658437949.65773, 1658437950.758052, 1658437951.7198534, 1658437952.8630688, 1658437954.0082147, 1658437955.0774324, 1658437956.2993124, 1658437957.4246109, 1658437958.5468874, 1658437959.3686204, 1658437960.2698164, 1658437961.2826939, 1658437962.3780327, 1658437963.1843622, 1658437964.0043101, 1658437964.9125257, 1658437965.725354, 1658437966.5404677, 1658437967.3487937, 1658437968.156366, 1658437968.9851384, 1658437969.8195724, 1658437970.6406043, 1658437971.5606542, 1658437972.5893967, 1658437973.3839648, 1658437974.3188767, 1658437975.2646768, 1658437976.091022, 1658437977.2219486, 1658437978.207953, 1658437979.5025947, 1658437980.8029237, 1658437981.889161, 1658437982.8184087, 1658437983.9715254, 1658437984.7984955, 1658437985.645304, 1658437986.4703352, 1658437987.278289, 1658437988.0953088, 1658437988.904888, 1658437989.7135274, 1658437990.5396693, 1658437991.3881898, 1658437992.243264, 1658437993.1342466, 1658437994.1664965, 1658437995.1259615, 1658437996.0537164, 1658437997.0901103, 1658437998.0500216, 1658437998.918272, 1658437999.9470754, 1658438000.8641796, 1658438001.662057, 1658438002.4823532, 1658438003.3034513, 1658438004.3246052, 1658438005.3489244, 1658438006.2008152, 1658438007.151121, 1658438008.0473337, 1658438009.117894, 1658438010.1016054, 1658438010.983461, 1658438012.105521, 1658438013.55958, 1658438014.653035, 1658438015.4942281, 1658438016.307009, 1658438017.0951657, 1658438017.9435685, 1658438018.9392197, 1658438019.7659028, 1658438020.60851, 1658438021.452783, 1658438022.4832928, 1658438023.3998582, 1658438024.263789, 1658438025.1143534, 1658438025.9981358, 1658438026.847126, 1658438027.6748347, 1658438028.5900967, 1658438029.439118, 1658438030.45105, 1658438031.5514967, 1658438032.8273041, 1658438033.8471055, 1658438034.8115125, 1658438035.9301245, 1658438036.8804457, 1658438037.9656806, 1658438039.0097635, 1658438039.8825421, 1658438040.7488277, 1658438041.6954138, 1658438042.6879997, 1658438043.871205, 1658438044.8348756, 1658438046.1070483, 1658438047.152518, 1658438048.015255, 1658438048.876878, 1658438049.7452934, 1658438050.6181006, 1658438051.4940968, 1658438052.3666196, 1658438053.2335107, 1658438054.1034544, 1658438055.0170245, 1658438055.863586, 1658438056.985168, 1658438058.10776, 1658438058.9649043, 1658438060.1201034, 1658438061.0614574, 1658438061.9200008, 1658438062.767111, 1658438063.7737474, 1658438064.587706, 1658438065.499913, 1658438067.5781024, 1658438068.8370552, 1658438069.8978746, 1658438071.0094123, 1658438072.2865932, 1658438073.3821485, 1658438074.4406233, 1658438075.3880587, 1658438076.3316946, 1658438077.2199419, 1658438078.2433352, 1658438079.1338394, 1658438080.1418128, 1658438081.068544, 1658438082.3024695, 1658438083.3992784, 1658438084.472547, 1658438085.604634, 1658438086.78833, 1658438087.7753313, 1658438088.8910437, 1658438089.9489639, 1658438091.1095521, 1658438092.3059876, 1658438093.2680194, 1658438094.1860151, 1658438095.1152964, 1658438096.0207853, 1658438096.938072, 1658438097.834712, 1658438098.716007, 1658438099.572524, 1658438100.6166768, 1658438101.8631139, 1658438102.8176243, 1658438104.150726, 1658438105.1588662, 1658438106.0130208],